-- Insert 100 Users (50 Admin, 50 User)
INSERT INTO users (username, profile_picture_url, usertype, email, phone_number, password, bio) VALUES
('admin1', 'https://img.freepik.com/free-vector/woman-with-braided-hair-illustration_1308-174675.jpg', 'Admin', 'admin1@example.com', '1234567890', 'password123', 'Admin user'),
('admin2', 'https://img.freepik.com/free-vector/woman-with-braided-hair-illustration_1308-174675.jpg', 'Admin', 'admin2@example.com', '1234567891', 'password123', 'Admin user'),
('admin3', 'https://img.freepik.com/free-vector/woman-with-braided-hair-illustration_1308-174675.jpg', 'Admin', 'admin3@example.com', '1234567892', 'password123', 'Admin user'),
('admin4', 'https://img.freepik.com/free-vector/woman-with-braided-hair-illustration_1308-174675.jpg', 'Admin', 'admin4@example.com', '1234567893', 'password123', 'Admin user'),
('admin5', 'https://img.freepik.com/free-vector/woman-with-braided-hair-illustration_1308-174675.jpg', 'Admin', 'admin5@example.com', '1234567894', 'password123', 'Admin user'),
('admin6', 'https://img.freepik.com/free-vector/woman-with-braided-hair-illustration_1308-174675.jpg', 'Admin', 'admin6@example.com', '1234567895', 'password123', 'Admin user'),
('admin7', 'https://img.freepik.com/free-vector/woman-with-braided-hair-illustration_1308-174675.jpg', 'Admin', 'admin7@example.com', '1234567896', 'password123', 'Admin user'),
('admin8', 'https://img.freepik.com/free-vector/woman-with-braided-hair-illustration_1308-174675.jpg', 'Admin', 'admin8@example.com', '1234567897', 'password123', 'Admin user'),
('admin9', 'https://img.freepik.com/free-vector/woman-with-braided-hair-illustration_1308-174675.jpg', 'Admin', 'admin9@example.com', '1234567898', 'password123', 'Admin user'),
('admin10', 'https://img.freepik.com/free-vector/woman-with-braided-hair-illustration_1308-174675.jpg', 'Admin', 'admin10@example.com', '1234567899', 'password123', 'Admin user'),
('admin11', 'https://img.freepik.com/free-vector/woman-with-braided-hair-illustration_1308-174675.jpg', 'Admin', 'admin11@example.com', '1234567800', 'password123', 'Admin user'),
('admin12', 'https://img.freepik.com/free-vector/woman-with-braided-hair-illustration_1308-174675.jpg', 'Admin', 'admin12@example.com', '1234567801', 'password123', 'Admin user'),
('admin13', 'https://img.freepik.com/free-vector/woman-with-braided-hair-illustration_1308-174675.jpg', 'Admin', 'admin13@example.com', '1234567802', 'password123', 'Admin user'),
('admin14', 'https://img.freepik.com/free-vector/woman-with-braided-hair-illustration_1308-174675.jpg', 'Admin', 'admin14@example.com', '1234567803', 'password123', 'Admin user'),
('admin15', 'https://img.freepik.com/free-vector/woman-with-braided-hair-illustration_1308-174675.jpg', 'Admin', 'admin15@example.com', '1234567804', 'password123', 'Admin user'),
('admin16', 'https://img.freepik.com/free-vector/woman-with-braided-hair-illustration_1308-174675.jpg', 'Admin', 'admin16@example.com', '1234567805', 'password123', 'Admin user'),
('admin17', 'https://img.freepik.com/free-vector/woman-with-braided-hair-illustration_1308-174675.jpg', 'Admin', 'admin17@example.com', '1234567806', 'password123', 'Admin user'),
('admin18', 'https://img.freepik.com/free-vector/woman-with-braided-hair-illustration_1308-174675.jpg', 'Admin', 'admin18@example.com', '1234567807', 'password123', 'Admin user'),
('admin19', 'https://img.freepik.com/free-vector/woman-with-braided-hair-illustration_1308-174675.jpg', 'Admin', 'admin19@example.com', '1234567808', 'password123', 'Admin user'),
('admin20', 'https://img.freepik.com/free-vector/woman-with-braided-hair-illustration_1308-174675.jpg', 'Admin', 'admin20@example.com', '1234567809', 'password123', 'Admin user'),
('admin21', 'https://img.freepik.com/free-vector/woman-with-braided-hair-illustration_1308-174675.jpg', 'Admin', 'admin21@example.com', '1234567810', 'password123', 'Admin user'),
('admin22', 'https://img.freepik.com/free-vector/woman-with-braided-hair-illustration_1308-174675.jpg', 'Admin', 'admin22@example.com', '1234567811', 'password123', 'Admin user'),
('admin23', 'https://img.freepik.com/free-vector/woman-with-braided-hair-illustration_1308-174675.jpg', 'Admin', 'admin23@example.com', '1234567812', 'password123', 'Admin user'),
('admin24', 'https://img.freepik.com/free-vector/woman-with-braided-hair-illustration_1308-174675.jpg', 'Admin', 'admin24@example.com', '1234567813', 'password123', 'Admin user'),
('admin25', 'https://img.freepik.com/free-vector/woman-with-braided-hair-illustration_1308-174675.jpg', 'Admin', 'admin25@example.com', '1234567814', 'password123', 'Admin user'),
('admin26', 'https://img.freepik.com/free-vector/woman-with-braided-hair-illustration_1308-174675.jpg', 'Admin', 'admin26@example.com', '1234567815', 'password123', 'Admin user'),
('admin27', 'https://img.freepik.com/free-vector/woman-with-braided-hair-illustration_1308-174675.jpg', 'Admin', 'admin27@example.com', '1234567816', 'password123', 'Admin user'),
('admin28', 'https://img.freepik.com/free-vector/woman-with-braided-hair-illustration_1308-174675.jpg', 'Admin', 'admin28@example.com', '1234567817', 'password123', 'Admin user'),
('admin29', 'https://img.freepik.com/free-vector/woman-with-braided-hair-illustration_1308-174675.jpg', 'Admin', 'admin29@example.com', '1234567818', 'password123', 'Admin user'),
('admin30', 'https://img.freepik.com/free-vector/woman-with-braided-hair-illustration_1308-174675.jpg', 'Admin', 'admin30@example.com', '1234567819', 'password123', 'Admin user'),
('admin31', 'https://img.freepik.com/free-vector/woman-with-braided-hair-illustration_1308-174675.jpg', 'Admin', 'admin31@example.com', '1234567820', 'password123', 'Admin user'),
('admin32', 'https://img.freepik.com/free-vector/woman-with-braided-hair-illustration_1308-174675.jpg', 'Admin', 'admin32@example.com', '1234567821', 'password123', 'Admin user'),
('admin33', 'https://img.freepik.com/free-vector/woman-with-braided-hair-illustration_1308-174675.jpg', 'Admin', 'admin33@example.com', '1234567822', 'password123', 'Admin user'),
('admin34', 'https://img.freepik.com/free-vector/woman-with-braided-hair-illustration_1308-174675.jpg', 'Admin', 'admin34@example.com', '1234567823', 'password123', 'Admin user'),
('admin35', 'https://img.freepik.com/free-vector/woman-with-braided-hair-illustration_1308-174675.jpg', 'Admin', 'admin35@example.com', '1234567824', 'password123', 'Admin user'),
('admin36', 'https://img.freepik.com/free-vector/woman-with-braided-hair-illustration_1308-174675.jpg', 'Admin', 'admin36@example.com', '1234567825', 'password123', 'Admin user'),
('admin37', 'https://img.freepik.com/free-vector/woman-with-braided-hair-illustration_1308-174675.jpg', 'Admin', 'admin37@example.com', '1234567826', 'password123', 'Admin user'),
('admin38', 'https://img.freepik.com/free-vector/woman-with-braided-hair-illustration_1308-174675.jpg', 'Admin', 'admin38@example.com', '1234567827', 'password123', 'Admin user'),
('admin39', 'https://img.freepik.com/free-vector/woman-with-braided-hair-illustration_1308-174675.jpg', 'Admin', 'admin39@example.com', '1234567828', 'password123', 'Admin user'),
('admin40', 'https://img.freepik.com/free-vector/woman-with-braided-hair-illustration_1308-174675.jpg', 'Admin', 'admin40@example.com', '1234567829', 'password123', 'Admin user'),
('admin41', 'https://img.freepik.com/free-vector/woman-with-braided-hair-illustration_1308-174675.jpg', 'Admin', 'admin41@example.com', '1234567830', 'password123', 'Admin user'),
('admin42', 'https://img.freepik.com/free-vector/woman-with-braided-hair-illustration_1308-174675.jpg', 'Admin', 'admin42@example.com', '1234567831', 'password123', 'Admin user'),
('admin43', 'https://img.freepik.com/free-vector/woman-with-braided-hair-illustration_1308-174675.jpg', 'Admin', 'admin43@example.com', '1234567832', 'password123', 'Admin user'),
('admin44', 'https://img.freepik.com/free-vector/woman-with-braided-hair-illustration_1308-174675.jpg', 'Admin', 'admin44@example.com', '1234567833', 'password123', 'Admin user'),
('admin45', 'https://img.freepik.com/free-vector/woman-with-braided-hair-illustration_1308-174675.jpg', 'Admin', 'admin45@example.com', '1234567834', 'password123', 'Admin user'),
('admin46', 'https://img.freepik.com/free-vector/woman-with-braided-hair-illustration_1308-174675.jpg', 'Admin', 'admin46@example.com', '1234567835', 'password123', 'Admin user'),
('admin47', 'https://img.freepik.com/free-vector/woman-with-braided-hair-illustration_1308-174675.jpg', 'Admin', 'admin47@example.com', '1234567836', 'password123', 'Admin user'),
('admin48', 'https://img.freepik.com/free-vector/woman-with-braided-hair-illustration_1308-174675.jpg', 'Admin', 'admin48@example.com', '1234567837', 'password123', 'Admin user'),
('admin49', 'https://img.freepik.com/free-vector/woman-with-braided-hair-illustration_1308-174675.jpg', 'Admin', 'admin49@example.com', '1234567838', 'password123', 'Admin user'),
('admin50', 'https://img.freepik.com/free-vector/woman-with-braided-hair-illustration_1308-174675.jpg', 'Admin', 'admin50@example.com', '1234567839', 'password123', 'Admin user'),
('user1', 'https://img.freepik.com/free-vector/woman-with-braided-hair-illustration_1308-174675.jpg', 'User', 'user1@example.com', '1234567840', 'password123', 'Regular user'),
('user2', 'https://img.freepik.com/free-vector/woman-with-braided-hair-illustration_1308-174675.jpg', 'User', 'user2@example.com', '1234567841', 'password123', 'Regular user'),
('user3', 'https://img.freepik.com/free-vector/woman-with-braided-hair-illustration_1308-174675.jpg', 'User', 'user3@example.com', '1234567842', 'password123', 'Regular user'),
('user4', 'https://img.freepik.com/free-vector/woman-with-braided-hair-illustration_1308-174675.jpg', 'User', 'user4@example.com', '1234567843', 'password123', 'Regular user'),
('user5', 'https://img.freepik.com/free-vector/woman-with-braided-hair-illustration_1308-174675.jpg', 'User', 'user5@example.com', '1234567844', 'password123', 'Regular user'),
('user6', 'https://img.freepik.com/free-vector/woman-with-braided-hair-illustration_1308-174675.jpg', 'User', 'user6@example.com', '1234567845', 'password123', 'Regular user'),
('user7', 'https://img.freepik.com/free-vector/woman-with-braided-hair-illustration_1308-174675.jpg', 'User', 'user7@example.com', '1234567846', 'password123', 'Regular user'),
('user8', 'https://img.freepik.com/free-vector/woman-with-braided-hair-illustration_1308-174675.jpg', 'User', 'user8@example.com', '1234567847', 'password123', 'Regular user'),
('user9', 'https://img.freepik.com/free-vector/woman-with-braided-hair-illustration_1308-174675.jpg', 'User', 'user9@example.com', '1234567848', 'password123', 'Regular user'),
('user10', 'https://img.freepik.com/free-vector/woman-with-braided-hair-illustration_1308-174675.jpg', 'User', 'user10@example.com', '1234567849', 'password123', 'Regular user'),
('user11', 'https://img.freepik.com/free-vector/woman-with-braided-hair-illustration_1308-174675.jpg', 'User', 'user11@example.com', '1234567850', 'password123', 'Regular user'),
('user12', 'https://img.freepik.com/free-vector/woman-with-braided-hair-illustration_1308-174675.jpg', 'User', 'user12@example.com', '1234567851', 'password123', 'Regular user'),
('user13', 'https://img.freepik.com/free-vector/woman-with-braided-hair-illustration_1308-174675.jpg', 'User', 'user13@example.com', '1234567852', 'password123', 'Regular user'),
('user14', 'https://img.freepik.com/free-vector/woman-with-braided-hair-illustration_1308-174675.jpg', 'User', 'user14@example.com', '1234567853', 'password123', 'Regular user'),
('user15', 'https://img.freepik.com/free-vector/woman-with-braided-hair-illustration_1308-174675.jpg', 'User', 'user15@example.com', '1234567854', 'password123', 'Regular user'),
('user16', 'https://img.freepik.com/free-vector/woman-with-braided-hair-illustration_1308-174675.jpg', 'User', 'user16@example.com', '1234567855', 'password123', 'Regular user'),
('user17', 'https://img.freepik.com/free-vector/woman-with-braided-hair-illustration_1308-174675.jpg', 'User', 'user17@example.com', '1234567856', 'password123', 'Regular user'),
('user18', 'https://img.freepik.com/free-vector/woman-with-braided-hair-illustration_1308-174675.jpg', 'User', 'user18@example.com', '1234567857', 'password123', 'Regular user'),
('user19', 'https://img.freepik.com/free-vector/woman-with-braided-hair-illustration_1308-174675.jpg', 'User', 'user19@example.com', '1234567858', 'password123', 'Regular user'),
('user20', 'https://img.freepik.com/free-vector/woman-with-braided-hair-illustration_1308-174675.jpg', 'User', 'user20@example.com', '1234567859', 'password123', 'Regular user'),
('user21', 'https://img.freepik.com/free-vector/woman-with-braided-hair-illustration_1308-174675.jpg', 'User', 'user21@example.com', '1234567860', 'password123', 'Regular user'),
('user22', 'https://img.freepik.com/free-vector/woman-with-braided-hair-illustration_1308-174675.jpg', 'User', 'user22@example.com', '1234567861', 'password123', 'Regular user'),
('user23', 'https://img.freepik.com/free-vector/woman-with-braided-hair-illustration_1308-174675.jpg', 'User', 'user23@example.com', '1234567862', 'password123', 'Regular user'),
('user24', 'https://img.freepik.com/free-vector/woman-with-braided-hair-illustration_1308-174675.jpg', 'User', 'user24@example.com', '1234567863', 'password123', 'Regular user'),
('user25', 'https://img.freepik.com/free-vector/woman-with-braided-hair-illustration_1308-174675.jpg', 'User', 'user25@example.com', '1234567864', 'password123', 'Regular user'),
('user26', 'https://img.freepik.com/free-vector/woman-with-braided-hair-illustration_1308-174675.jpg', 'User', 'user26@example.com', '1234567865', 'password123', 'Regular user'),
('user27', 'https://img.freepik.com/free-vector/woman-with-braided-hair-illustration_1308-174675.jpg', 'User', 'user27@example.com', '1234567866', 'password123', 'Regular user'),
('user28', 'https://img.freepik.com/free-vector/woman-with-braided-hair-illustration_1308-174675.jpg', 'User', 'user28@example.com', '1234567867', 'password123', 'Regular user'),
('user29', 'https://img.freepik.com/free-vector/woman-with-braided-hair-illustration_1308-174675.jpg', 'User', 'user29@example.com', '1234567868', 'password123', 'Regular user'),
('user30', 'https://img.freepik.com/free-vector/woman-with-braided-hair-illustration_1308-174675.jpg', 'User', 'user30@example.com', '1234567869', 'password123', 'Regular user'),
('user31', 'https://img.freepik.com/free-vector/woman-with-braided-hair-illustration_1308-174675.jpg', 'User', 'user31@example.com', '1234567870', 'password123', 'Regular user'),
('user32', 'https://img.freepik.com/free-vector/woman-with-braided-hair-illustration_1308-174675.jpg', 'User', 'user32@example.com', '1234567871', 'password123', 'Regular user'),
('user33', 'https://img.freepik.com/free-vector/woman-with-braided-hair-illustration_1308-174675.jpg', 'User', 'user33@example.com', '1234567872', 'password123', 'Regular user'),
('user34', 'https://img.freepik.com/free-vector/woman-with-braided-hair-illustration_1308-174675.jpg', 'User', 'user34@example.com', '1234567873', 'password123', 'Regular user'),
('user35', 'https://img.freepik.com/free-vector/woman-with-braided-hair-illustration_1308-174675.jpg', 'User', 'user35@example.com', '1234567874', 'password123', 'Regular user'),
('user36', 'https://img.freepik.com/free-vector/woman-with-braided-hair-illustration_1308-174675.jpg', 'User', 'user36@example.com', '1234567875', 'password123', 'Regular user'),
('user37', 'https://img.freepik.com/free-vector/woman-with-braided-hair-illustration_1308-174675.jpg', 'User', 'user37@example.com', '1234567876', 'password123', 'Regular user'),
('user38', 'https://img.freepik.com/free-vector/woman-with-braided-hair-illustration_1308-174675.jpg', 'User', 'user38@example.com', '1234567877', 'password123', 'Regular user'),
('user39', 'https://img.freepik.com/free-vector/woman-with-braided-hair-illustration_1308-174675.jpg', 'User', 'user39@example.com', '1234567878', 'password123', 'Regular user'),
('user40', 'https://img.freepik.com/free-vector/woman-with-braided-hair-illustration_1308-174675.jpg', 'User', 'user40@example.com', '1234567879', 'password123', 'Regular user'),
('user41', 'https://img.freepik.com/free-vector/woman-with-braided-hair-illustration_1308-174675.jpg', 'User', 'user41@example.com', '1234567880', 'password123', 'Regular user'),
('user42', 'https://img.freepik.com/free-vector/woman-with-braided-hair-illustration_1308-174675.jpg', 'User', 'user42@example.com', '1234567881', 'password123', 'Regular user'),
('user43', 'https://img.freepik.com/free-vector/woman-with-braided-hair-illustration_1308-174675.jpg', 'User', 'user43@example.com', '1234567882', 'password123', 'Regular user'),
('user44', 'https://img.freepik.com/free-vector/woman-with-braided-hair-illustration_1308-174675.jpg', 'User', 'user44@example.com', '1234567883', 'password123', 'Regular user'),
('user45', 'https://img.freepik.com/free-vector/woman-with-braided-hair-illustration_1308-174675.jpg', 'User', 'user45@example.com', '1234567884', 'password123', 'Regular user'),
('user46', 'https://img.freepik.com/free-vector/woman-with-braided-hair-illustration_1308-174675.jpg', 'User', 'user46@example.com', '1234567885', 'password123', 'Regular user'),
('user47', 'https://img.freepik.com/free-vector/woman-with-braided-hair-illustration_1308-174675.jpg', 'User', 'user47@example.com', '1234567886', 'password123', 'Regular user'),
('user48', 'https://img.freepik.com/free-vector/woman-with-braided-hair-illustration_1308-174675.jpg', 'User', 'user48@example.com', '1234567887', 'password123', 'Regular user'),
('user49', 'https://img.freepik.com/free-vector/woman-with-braided-hair-illustration_1308-174675.jpg', 'User', 'user49@example.com', '1234567888', 'password123', 'Regular user'),
('user50', 'https://img.freepik.com/free-vector/woman-with-braided-hair-illustration_1308-174675.jpg', 'User', 'user50@example.com', '1234567889', 'password123', 'Regular user')
;
-- Insert 4 Meal Times
INSERT INTO mealtimes (mealtime_name, mealtime_image_url) VALUES
('Breakfast', 'https://images.unsplash.com/photo-1518791841217-8f162f1e1131'),
('Lunch', 'https://images.unsplash.com/photo-1546069901-ba9599a7e63c'),
('Dinner', 'https://images.unsplash.com/photo-1565958011703-44f9829ba187'),
('Snack', 'https://images.unsplash.com/photo-1496412705862-e0088f16f791');

-- Insert Meal Types
INSERT INTO mealtypes (mealtype_name, mealtype_image_url) VALUES
('Vegetarian', 'https://images.unsplash.com/photo-1512621776951-a57141f2eefd'),
('Non-Vegetarian', 'https://images.unsplash.com/photo-1544025162-d76694265947'),
('Vegan', 'https://images.unsplash.com/photo-1519996409144-56c88c222b7e'),
('Gluten-Free', 'https://images.unsplash.com/photo-1531747056595-07f6cb401f4f');

-- Insert 100 Requested Meals
INSERT INTO requestedmeals (meal_time_id, meal_type_id, user_id, submitted_date, meal_request_date, status, notes) VALUES
(1, 1, 1, '2025-05-01', '2025-05-02', 'Pending', 'Vegetarian breakfast request'),
(2, 2, 2, '2025-05-01', '2025-05-02', 'Pending', 'Non-veg lunch request'),
(3, 3, 3, '2025-05-01', '2025-05-02', 'Pending', 'Vegan dinner request'),
(4, 4, 4, '2025-05-01', '2025-05-02', 'Pending', 'Gluten-free snack request'),
(1, 2, 5, '2025-05-01', '2025-05-02', 'Pending', 'Non-veg breakfast request'),
(2, 3, 6, '2025-05-01', '2025-05-02', 'Pending', 'Vegan lunch request'),
(3, 4, 7, '2025-05-01', '2025-05-02', 'Pending', 'Gluten-free dinner request'),
(4, 1, 8, '2025-05-01', '2025-05-02', 'Pending', 'Vegetarian snack request'),
(1, 3, 9, '2025-05-01', '2025-05-02', 'Pending', 'Vegan breakfast request'),
(2, 4, 10, '2025-05-01', '2025-05-02', 'Pending', 'Gluten-free lunch request'),
(3, 1, 11, '2025-05-01', '2025-05-02', 'Pending', 'Vegetarian dinner request'),
(4, 2, 12, '2025-05-01', '2025-05-02', 'Pending', 'Non-veg snack request'),
(1, 4, 13, '2025-05-01', '2025-05-02', 'Pending', 'Gluten-free breakfast request'),
(2, 1, 14, '2025-05-01', '2025-05-02', 'Pending', 'Vegetarian lunch request'),
(3, 2, 15, '2025-05-01', '2025-05-02', 'Pending', 'Non-veg dinner request'),
(4, 3, 16, '2025-05-01', '2025-05-02', 'Pending', 'Vegan snack request'),
(1, 1, 17, '2025-05-01', '2025-05-02', 'Pending', 'Vegetarian breakfast request'),
(2, 2, 18, '2025-05-01', '2025-05-02', 'Pending', 'Non-veg lunch request'),
(3, 3, 19, '2025-05-01', '2025-05-02', 'Pending', 'Vegan dinner request'),
(4, 4, 20, '2025-05-01', '2025-05-02', 'Pending', 'Gluten-free snack request'),
(1, 2, 21, '2025-05-01', '2025-05-02', 'Pending', 'Non-veg breakfast request'),
(2, 3, 22, '2025-05-01', '2025-05-02', 'Pending', 'Vegan lunch request'),
(3, 4, 23, '2025-05-01', '2025-05-02', 'Pending', 'Gluten-free dinner request'),
(4, 1, 24, '2025-05-01', '2025-05-02', 'Pending', 'Vegetarian snack request'),
(1, 3, 25, '2025-05-01', '2025-05-02', 'Pending', 'Vegan breakfast request'),
(2, 4, 26, '2025-05-01', '2025-05-02', 'Pending', 'Gluten-free lunch request'),
(3, 1, 27, '2025-05-01', '2025-05-02', 'Pending', 'Vegetarian dinner request'),
(4, 2, 28, '2025-05-01', '2025-05-02', 'Pending', 'Non-veg snack request'),
(1, 4, 29, '2025-05-01', '2025-05-02', 'Pending', 'Gluten-free breakfast request'),
(2, 1, 30, '2025-05-01', '2025-05-02', 'Pending', 'Vegetarian lunch request'),
(3, 2, 31, '2025-05-01', '2025-05-02', 'Pending', 'Non-veg dinner request'),
(4, 3, 32, '2025-05-01', '2025-05-02', 'Pending', 'Vegan snack request'),
(1, 1, 33, '2025-05-01', '2025-05-02', 'Pending', 'Vegetarian breakfast request'),
(2, 2, 34, '2025-05-01', '2025-05-02', 'Pending', 'Non-veg lunch request'),
(3, 3, 35, '2025-05-01', '2025-05-02', 'Pending', 'Vegan dinner request'),
(4, 4, 36, '2025-05-01', '2025-05-02', 'Pending', 'Gluten-free snack request'),
(1, 2, 37, '2025-05-01', '2025-05-02', 'Pending', 'Non-veg breakfast request'),
(2, 3, 38, '2025-05-01', '2025-05-02', 'Pending', 'Vegan lunch request'),
(3, 4, 39, '2025-05-01', '2025-05-02', 'Pending', 'Gluten-free dinner request'),
(4, 1, 40, '2025-05-01', '2025-05-02', 'Pending', 'Vegetarian snack request'),
(1, 3, 41, '2025-05-01', '2025-05-02', 'Pending', 'Vegan breakfast request'),
(2, 4, 42, '2025-05-01', '2025-05-02', 'Pending', 'Gluten-free lunch request'),
(3, 1, 43, '2025-05-01', '2025-05-02', 'Pending', 'Vegetarian dinner request'),
(4, 2, 44, '2025-05-01', '2025-05-02', 'Pending', 'Non-veg snack request'),
(1, 4, 45, '2025-05-01', '2025-05-02', 'Pending', 'Gluten-free breakfast request'),
(2, 1, 46, '2025-05-01', '2025-05-02', 'Pending', 'Vegetarian lunch request'),
(3, 2, 47, '2025-05-01', '2025-05-02', 'Pending', 'Non-veg dinner request'),
(4, 3, 48, '2025-05-01', '2025-05-02', 'Pending', 'Vegan snack request'),
(1, 1, 49, '2025-05-01', '2025-05-02', 'Pending', 'Vegetarian breakfast request'),
(2, 2, 50, '2025-05-01', '2025-05-02', 'Pending', 'Non-veg lunch request'),
(3, 3, 1, '2025-05-01', '2025-05-02', 'Pending', 'Vegan dinner request'),
(4, 4, 2, '2025-05-01', '2025-05-02', 'Pending', 'Gluten-free snack request'),
(1, 2, 3, '2025-05-01', '2025-05-02', 'Pending', 'Non-veg breakfast request'),
(2, 3, 4, '2025-05-01', '2025-05-02', 'Pending', 'Vegan lunch request'),
(3, 4, 5, '2025-05-01', '2025-05-02', 'Pending', 'Gluten-free dinner request'),
(4, 1, 6, '2025-05-01', '2025-05-02', 'Pending', 'Vegetarian snack request'),
(1, 3, 7, '2025-05-01', '2025-05-02', 'Pending', 'Vegan breakfast request'),
(2, 4, 8, '2025-05-01', '2025-05-02', 'Pending', 'Gluten-free lunch request'),
(3, 1, 9, '2025-05-01', '2025-05-02', 'Pending', 'Vegetarian dinner request'),
(4, 2, 10, '2025-05-01', '2025-05-02', 'Pending', 'Non-veg snack request'),
(1, 4, 11, '2025-05-01', '2025-05-02', 'Pending', 'Gluten-free breakfast request'),
(2, 1, 12, '2025-05-01', '2025-05-02', 'Pending', 'Vegetarian lunch request'),
(3, 2, 13, '2025-05-01', '2025-05-02', 'Pending', 'Non-veg dinner request'),
(4, 3, 14, '2025-05-01', '2025-05-02', 'Pending', 'Vegan snack request'),
(1, 1, 15, '2025-05-01', '2025-05-02', 'Pending', 'Vegetarian breakfast request'),
(2, 2, 16, '2025-05-01', '2025-05-02', 'Pending', 'Non-veg lunch request'),
(3, 3, 17, '2025-05-01', '2025-05-02', 'Pending', 'Vegan dinner request'),
(4, 4, 18, '2025-05-01', '2025-05-02', 'Pending', 'Gluten-free snack request'),
(1, 2, 19, '2025-05-01', '2025-05-02', 'Pending', 'Non-veg breakfast request'),
(2, 3, 20, '2025-05-01', '2025-05-02', 'Pending', 'Vegan lunch request'),
(3, 4, 21, '2025-05-01', '2025-05-02', 'Pending', 'Gluten-free dinner request'),
(4, 1, 22, '2025-05-01', '2025-05-02', 'Pending', 'Vegetarian snack request'),
(1, 3, 23, '2025-05-01', '2025-05-02', 'Pending', 'Vegan breakfast request'),
(2, 4, 24, '2025-05-01', '2025-05-02', 'Pending', 'Gluten-free lunch request'),
(3, 1, 25, '2025-05-01', '2025-05-02', 'Pending', 'Vegetarian dinner request'),
(4, 2, 26, '2025-05-01', '2025-05-02', 'Pending', 'Non-veg snack request'),
(1, 4, 27, '2025-05-01', '2025-05-02', 'Pending', 'Gluten-free breakfast request'),
(2, 1, 28, '2025-05-01', '2025-05-02', 'Pending', 'Vegetarian lunch request'),
(3, 2, 29, '2025-05-01', '2025-05-02', 'Pending', 'Non-veg dinner request'),
(4, 3, 30, '2025-05-01', '2025-05-02', 'Pending', 'Vegan snack request'),
(1, 1, 31, '2025-05-01', '2025-05-02', 'Pending', 'Vegetarian breakfast request'),
(2, 2, 32, '2025-05-01', '2025-05-02', 'Pending', 'Non-veg lunch request'),
(3, 3, 33, '2025-05-01', '2025-05-02', 'Pending', 'Vegan dinner request'),
(4, 4, 34, '2025-05-01', '2025-05-02', 'Pending', 'Gluten-free snack request'),
(1, 2, 35, '2025-05-01', '2025-05-02', 'Pending', 'Non-veg breakfast request'),
(2, 3, 36, '2025-05-01', '2025-05-02', 'Pending', 'Vegan lunch request'),
(3, 4, 37, '2025-05-01', '2025-05-02', 'Pending', 'Gluten-free dinner request'),
(4, 1, 38, '2025-05-01', '2025-05-02', 'Pending', 'Vegetarian snack request'),
(1, 3, 39, '2025-05-01', '2025-05-02', 'Pending', 'Vegan breakfast request'),
(2, 4, 40, '2025-05-01', '2025-05-02', 'Pending', 'Gluten-free lunch request'),
(3, 1, 41, '2025-05-01', '2025-05-02', 'Pending', 'Vegetarian dinner request'),
(4, 2, 42, '2025-05-01', '2025-05-02', 'Pending', 'Non-veg snack request'),
(1, 4, 43, '2025-05-01', '2025-05-02', 'Pending', 'Gluten-free breakfast request'),
(2, 1, 44, '2025-05-01', '2025-05-02', 'Pending', 'Vegetarian lunch request'),
(3, 2, 45, '2025-05-01', '2025-05-02', 'Pending', 'Non-veg dinner request'),
(4, 3, 46, '2025-05-01', '2025-05-02', 'Pending', 'Vegan snack request'),
(1, 1, 47, '2025-05-01', '2025-05-02', 'Pending', 'Vegetarian breakfast request'),
(2, 2, 48, '2025-05-01', '2025-05-02', 'Pending', 'Non-veg lunch request'),
(3, 3, 49, '2025-05-01', '2025-05-02', 'Pending', 'Vegan dinner request'),
(4, 4, 50, '2025-05-01', '2025-05-02', 'Pending', 'Gluten-free snack request');

-- Insert Assets with 6 Categories
INSERT INTO assets (asset_name, category, quantity, condition_type, location, is_available) VALUES
('Laptop', 'Electronics', 10, 'Good', 'Room 101', TRUE),
('Projector', 'Electronics', 5, 'Excellent', 'Room 102', TRUE),
('Chair', 'Furniture', 50, 'Good', 'Room 103', TRUE),
('Table', 'Furniture', 20, 'Fair', 'Room 104', TRUE),
('Whiteboard', 'Office Supplies', 15, 'Good', 'Room 105', TRUE),
('Marker Set', 'Office Supplies', 30, 'New', 'Room 106', TRUE);

-- Insert 100 Requested Assets
INSERT INTO requestedassets (user_id, asset_id, submitted_date, handover_date, quantity, status, is_returning) VALUES
(1, 1, '2025-05-01', '2025-05-03', 1, 'Pending', TRUE),
(2, 2, '2025-05-01', '2025-05-03', 1, 'Pending', TRUE),
(3, 3, '2025-05-01', '2025-05-03', 2, 'Pending', TRUE),
(4, 4, '2025-05-01', '2025-05-03', 1, 'Pending', TRUE),
(5, 5, '2025-05-01', '2025-05-03', 1, 'Pending', TRUE),
(6, 6, '2025-05-01', '2025-05-03', 2, 'Pending', TRUE),
(7, 1, '2025-05-01', '2025-05-03', 1, 'Pending', TRUE),
(8, 2, '2025-05-01', '2025-05-03', 1, 'Pending', TRUE),
(9, 3, '2025-05-01', '2025-05-03', 2, 'Pending', TRUE),
(10, 4, '2025-05-01', '2025-05-03', 1, 'Pending', TRUE),
(11, 5, '2025-05-01', '2025-05-03', 1, 'Pending', TRUE),
(12, 6, '2025-05-01', '2025-05-03', 2, 'Pending', TRUE),
(13, 1, '2025-05-01', '2025-05-03', 1, 'Pending', TRUE),
(14, 2, '2025-05-01', '2025-05-03', 1, 'Pending', TRUE),
(15, 3, '2025-05-01', '2025-05-03', 2, 'Pending', TRUE),
(16, 4, '2025-05-01', '2025-05-03', 1, 'Pending', TRUE),
(17, 5, '2025-05-01', '2025-05-03', 1, 'Pending', TRUE),
(18, 6, '2025-05-01', '2025-05-03', 2, 'Pending', TRUE),
(19, 1, '2025-05-01', '2025-05-03', 1, 'Pending', TRUE),
(20, 2, '2025-05-01', '2025-05-03', 1, 'Pending', TRUE),
(21, 3, '2025-05-01', '2025-05-03', 2, 'Pending', TRUE),
(22, 4, '2025-05-01', '2025-05-03', 1, 'Pending', TRUE),
(23, 5, '2025-05-01', '2025-05-03', 1, 'Pending', TRUE),
(24, 6, '2025-05-01', '2025-05-03', 2, 'Pending', TRUE),
(25, 1, '2025-05-01', '2025-05-03', 1, 'Pending', TRUE),
(26, 2, '2025-05-01', '2025-05-03', 1, 'Pending', TRUE),
(27, 3, '2025-05-01', '2025-05-03', 2, 'Pending', TRUE),
(28, 4, '2025-05-01', '2025-05-03', 1, 'Pending', TRUE),
(29, 5, '2025-05-01', '2025-05-03', 1, 'Pending', TRUE),
(30, 6, '2025-05-01', '2025-05-03', 2, 'Pending', TRUE),
(31, 1, '2025-05-01', '2025-05-03', 1, 'Pending', TRUE),
(32, 2, '2025-05-01', '2025-05-03', 1, 'Pending', TRUE),
(33, 3, '2025-05-01', '2025-05-03', 2, 'Pending', TRUE),
(34, 4, '2025-05-01', '2025-05-03', 1, 'Pending', TRUE),
(35, 5, '2025-05-01', '2025-05-03', 1, 'Pending', TRUE),
(36, 6, '2025-05-01', '2025-05-03', 2, 'Pending', TRUE),
(37, 1, '2025-05-01', '2025-05-03', 1, 'Pending', TRUE),
(38, 2, '2025-05-01', '2025-05-03', 1, 'Pending', TRUE),
(39, 3, '2025-05-01', '2025-05-03', 2, 'Pending', TRUE),
(40, 4, '2025-05-01', '2025-05-03', 1, 'Pending', TRUE),
(41, 5, '2025-05-01', '2025-05-03', 1, 'Pending', TRUE),
(42, 6, '2025-05-01', '2025-05-03', 2, 'Pending', TRUE),
(43, 1, '2025-05-01', '2025-05-03', 1, 'Pending', TRUE),
(44, 2, '2025-05-01', '2025-05-03', 1, 'Pending', TRUE),
(45, 3, '2025-05-01', '2025-05-03', 2, 'Pending', TRUE),
(46, 4, '2025-05-01', '2025-05-03', 1, 'Pending', TRUE),
(47, 5, '2025-05-01', '2025-05-03', 1, 'Pending', TRUE),
(48, 6, '2025-05-01', '2025-05-03', 2, 'Pending', TRUE),
(49, 1, '2025-05-01', '2025-05-03', 1, 'Pending', TRUE),
(50, 2, '2025-05-01', '2025-05-03', 1, 'Pending', TRUE),
(1, 3, '2025-05-01', '2025-05-03', 2, 'Pending', TRUE),
(2, 4, '2025-05-01', '2025-05-03', 1, 'Pending', TRUE),
(3, 5, '2025-05-01', '2025-05-03', 1, 'Pending', TRUE),
(4, 6, '2025-05-01', '2025-05-03', 2, 'Pending', TRUE),
(5, 1, '2025-05-01', '2025-05-03', 1, 'Pending', TRUE),
(6, 2, '2025-05-01', '2025-05-03', 1, 'Pending', TRUE),
(7, 3, '2025-05-01', '2025-05-03', 2, 'Pending', TRUE),
(8, 4, '2025-05-01', '2025-05-03', 1, 'Pending', TRUE),
(9, 5, '2025-05-01', '2025-05-03', 1, 'Pending', TRUE),
(10, 6, '2025-05-01', '2025-05-03', 2, 'Pending', TRUE),
(11, 1, '2025-05-01', '2025-05-03', 1, 'Pending', TRUE),
(12, 2, '2025-05-01', '2025-05-03', 1, 'Pending', TRUE),
(13, 3, '2025-05-01', '2025-05-03', 2, 'Pending', TRUE),
(14, 4, '2025-05-01', '2025-05-03', 1, 'Pending', TRUE),
(15, 5, '2025-05-01', '2025-05-03', 1, 'Pending', TRUE),
(16, 6, '2025-05-01', '2025-05-03', 2, 'Pending', TRUE),
(17, 1, '2025-05-01', '2025-05-03', 1, 'Pending', TRUE),
(18, 2, '2025-05-01', '2025-05-03', 1, 'Pending', TRUE),
(19, 3, '2025-05-01', '2025-05-03', 2, 'Pending', TRUE),
(20, 4, '2025-05-01', '2025-05-03', 1, 'Pending', TRUE),
(21, 5, '2025-05-01', '2025-05-03', 1, 'Pending', TRUE),
(22, 6, '2025-05-01', '2025-05-03', 2, 'Pending', TRUE),
(23, 1, '2025-05-01', '2025-05-03', 1, 'Pending', TRUE),
(24, 2, '2025-05-01', '2025-05-03', 1, 'Pending', TRUE),
(25, 3, '2025-05-01', '2025-05-03', 2, 'Pending', TRUE),
(26, 4, '2025-05-01', '2025-05-03', 1, 'Pending', TRUE),
(27, 5, '2025-05-01', '2025-05-03', 1, 'Pending', TRUE),
(28, 6, '2025-05-01', '2025-05-03', 2, 'Pending', TRUE),
(29, 1, '2025-05-01', '2025-05-03', 1, 'Pending', TRUE),
(30, 2, '2025-05-01', '2025-05-03', 1, 'Pending', TRUE),
(31, 3, '2025-05-01', '2025-05-03', 2, 'Pending', TRUE),
(32, 4, '2025-05-01', '2025-05-03', 1, 'Pending', TRUE),
(33, 5, '2025-05-01', '2025-05-03', 1, 'Pending', TRUE),
(34, 6, '2025-05-01', '2025-05-03', 2, 'Pending', TRUE),
(35, 1, '2025-05-01', '2025-05-03', 1, 'Pending', TRUE),
(36, 2, '2025-05-01', '2025-05-03', 1, 'Pending', TRUE),
(37, 3, '2025-05-01', '2025-05-03', 2, 'Pending', TRUE),
(38, 4, '2025-05-01', '2025-05-03', 1, 'Pending', TRUE),
(39, 5, '2025-05-01', '2025-05-03', 1, 'Pending', TRUE),
(40, 6, '2025-05-01', '2025-05-03', 2, 'Pending', TRUE),
(41, 1, '2025-05-01', '2025-05-03', 1, 'Pending', TRUE),
(42, 2, '2025-05-01', '2025-05-03', 1, 'Pending', TRUE),
(43, 3, '2025-05-01', '2025-05-03', 2, 'Pending', TRUE),
(44, 4, '2025-05-01', '2025-05-03', 1, 'Pending', TRUE),
(45, 5, '2025-05-01', '2025-05-03', 1, 'Pending', TRUE),
(46, 6, '2025-05-01', '2025-05-03', 2, 'Pending', TRUE),
(47, 1, '2025-05-01', '2025-05-03', 1, 'Pending', TRUE),
(48, 2, '2025-05-01', '2025-05-03', 1, 'Pending', TRUE),
(49, 3, '2025-05-01', '2025-05-03', 2, 'Pending', TRUE),
(50, 4, '2025-05-01', '2025-05-03', 1, 'Pending', TRUE);

-- Insert Maintenance Requests with 6 Categories
INSERT INTO maintenance (user_id, name, description, priority_level, status, submitted_date) VALUES
(1, 'Fix Laptop', 'Laptop screen flickering', 'High', 'Pending', '2025-05-01'),
(2, 'Projector Repair', 'Projector not powering on', 'Medium', 'Pending', '2025-05-01'),
(3, 'Chair Repair', 'Broken chair leg', 'Low', 'Pending', '2025-05-01'),
(4, 'Table Repair', 'Table surface damaged', 'Medium', 'Pending', '2025-05-01'),
(5, 'Whiteboard Cleaning', 'Whiteboard needs deep cleaning', 'Low', 'Pending', '2025-05-01'),
(6, 'Marker Restock', 'Out of markers', 'High', 'Pending', '2025-05-01');

-- Insert 100 Notifications
INSERT INTO notification (user_id, maintenance_id) VALUES
(1, 1),
(2, 2),
(3, 3),
(4, 4),
(5, 5),
(6, 6),
(7, 1),
(8, 2),
(9, 3),
(10, 4),
(11, 5),
(12, 6),
(13, 1),
(14, 2),
(15, 3),
(16, 4),
(17, 5),
(18, 6),
(19, 1),
(20, 2),
(21, 3),
(22, 4),
(23, 5),
(24, 6),
(25, 1),
(26, 2),
(27, 3),
(28, 4),
(29, 5),
(30, 6),
(31, 1),
(32, 2),
(33, 3),
(34, 4),
(35, 5),
(36, 6),
(37, 1),
(38, 2),
(39, 3),
(40, 4),
(41, 5),
(42, 6),
(43, 1),
(44, 2),
(45, 3),
(46, 4),
(47, 5),
(48, 6),
(49, 1),
(50, 2),
(1, 3),
(2, 4),
(3, 5),
(4, 6),
(5, 1),
(6, 2),
(7, 3),
(8, 4),
(9, 5),
(10, 6),
(11, 1),
(12, 2),
(13, 3),
(14, 4),
(15, 5),
(16, 6),
(17, 1),
(18, 2),
(19, 3),
(20, 4),
(21, 5),
(22, 6),
(23, 1),
(24, 2),
(25, 3),
(26, 4),
(27, 5),
(28, 6),
(29, 1),
(30, 2),
(31, 3),
(32, 4),
(33, 5),
(34, 6),
(35, 1),
(36, 2),
(37, 3),
(38, 4),
(39, 5),
(40, 6),
(41, 1),
(42, 2),
(43, 3),
(44, 4),
(45, 5),
(46, 6),
(47, 1),
(48, 2),
(49, 3),
(50, 4);